{"errors":[],"warnings":[],"namedChunkGroups":{"app":{"chunks":[3,9],"assets":["webpack-runtime-b7166d45eab0b16c7ae9.js","webpack-runtime-b7166d45eab0b16c7ae9.js.map","app-2fa74bbfa99e010a8559.js","app-2fa74bbfa99e010a8559.js.map"],"children":{},"childAssets":{}},"component---src-templates-index-js":{"chunks":[1,2,0,8],"assets":["1.b7a53f65724ce443311f.css","1-6f61c7bed48630232264.js","1.b7a53f65724ce443311f.css.map","1-6f61c7bed48630232264.js.map","2-6ee9a1c185ba76d9e928.js","2-6ee9a1c185ba76d9e928.js.map","0.721183a76b6aa4ac04d1.css","0-79854f2719955e4199c5.js","0.721183a76b6aa4ac04d1.css.map","0-79854f2719955e4199c5.js.map","component---src-templates-index-js.76a93dca2ec5da328ff5.css","component---src-templates-index-js-226512149576802913de.js","component---src-templates-index-js.76a93dca2ec5da328ff5.css.map","component---src-templates-index-js-226512149576802913de.js.map"],"children":{},"childAssets":{}},"component---src-pages-index-js":{"chunks":[1,2,0,7],"assets":["1.b7a53f65724ce443311f.css","1-6f61c7bed48630232264.js","1.b7a53f65724ce443311f.css.map","1-6f61c7bed48630232264.js.map","2-6ee9a1c185ba76d9e928.js","2-6ee9a1c185ba76d9e928.js.map","0.721183a76b6aa4ac04d1.css","0-79854f2719955e4199c5.js","0.721183a76b6aa4ac04d1.css.map","0-79854f2719955e4199c5.js.map","component---src-pages-index-js.9d09e16e168beafac11d.css","component---src-pages-index-js-76845b79913b4d7afe46.js","component---src-pages-index-js.9d09e16e168beafac11d.css.map","component---src-pages-index-js-76845b79913b4d7afe46.js.map"],"children":{},"childAssets":{}},"component---src-pages-profile-js":{"chunks":[1,4,0,6],"assets":["1.b7a53f65724ce443311f.css","1-6f61c7bed48630232264.js","1.b7a53f65724ce443311f.css.map","1-6f61c7bed48630232264.js.map","4-cbbc2dabf1379a9f0f21.js","4-cbbc2dabf1379a9f0f21.js.map","0.721183a76b6aa4ac04d1.css","0-79854f2719955e4199c5.js","0.721183a76b6aa4ac04d1.css.map","0-79854f2719955e4199c5.js.map","component---src-pages-profile-js.916d35daada131f8ca99.css","component---src-pages-profile-js-ac40f29c22dfcfe7a502.js","component---src-pages-profile-js.916d35daada131f8ca99.css.map","component---src-pages-profile-js-ac40f29c22dfcfe7a502.js.map"],"children":{},"childAssets":{}}},"assetsByChunkName":{"app":["webpack-runtime-b7166d45eab0b16c7ae9.js","app-2fa74bbfa99e010a8559.js"],"component---src-templates-index-js":["1.b7a53f65724ce443311f.css","1-6f61c7bed48630232264.js","2-6ee9a1c185ba76d9e928.js","0.721183a76b6aa4ac04d1.css","0-79854f2719955e4199c5.js","component---src-templates-index-js.76a93dca2ec5da328ff5.css","component---src-templates-index-js-226512149576802913de.js"],"component---src-pages-index-js":["1.b7a53f65724ce443311f.css","1-6f61c7bed48630232264.js","2-6ee9a1c185ba76d9e928.js","0.721183a76b6aa4ac04d1.css","0-79854f2719955e4199c5.js","component---src-pages-index-js.9d09e16e168beafac11d.css","component---src-pages-index-js-76845b79913b4d7afe46.js"],"component---src-pages-profile-js":["1.b7a53f65724ce443311f.css","1-6f61c7bed48630232264.js","4-cbbc2dabf1379a9f0f21.js","0.721183a76b6aa4ac04d1.css","0-79854f2719955e4199c5.js","component---src-pages-profile-js.916d35daada131f8ca99.css","component---src-pages-profile-js-ac40f29c22dfcfe7a502.js"]}}