{"errors":[],"warnings":[],"namedChunkGroups":{"app":{"chunks":[3,9],"assets":["webpack-runtime-9a6edc776466a1b3ceee.js","webpack-runtime-9a6edc776466a1b3ceee.js.map","app-a46d26ea709fbde68a13.js","app-a46d26ea709fbde68a13.js.map"],"children":{},"childAssets":{}},"component---src-templates-index-js":{"chunks":[1,2,0,8],"assets":["1.d288d122e02ff1e8efdf.css","1-b366396998677d6d1b4d.js","1.d288d122e02ff1e8efdf.css.map","1-b366396998677d6d1b4d.js.map","2-6ee9a1c185ba76d9e928.js","2-6ee9a1c185ba76d9e928.js.map","0.721183a76b6aa4ac04d1.css","0-da6787298425e6e4f53b.js","0.721183a76b6aa4ac04d1.css.map","0-da6787298425e6e4f53b.js.map","component---src-templates-index-js.76a93dca2ec5da328ff5.css","component---src-templates-index-js-226512149576802913de.js","component---src-templates-index-js.76a93dca2ec5da328ff5.css.map","component---src-templates-index-js-226512149576802913de.js.map"],"children":{},"childAssets":{}},"component---src-pages-index-js":{"chunks":[1,2,0,7],"assets":["1.d288d122e02ff1e8efdf.css","1-b366396998677d6d1b4d.js","1.d288d122e02ff1e8efdf.css.map","1-b366396998677d6d1b4d.js.map","2-6ee9a1c185ba76d9e928.js","2-6ee9a1c185ba76d9e928.js.map","0.721183a76b6aa4ac04d1.css","0-da6787298425e6e4f53b.js","0.721183a76b6aa4ac04d1.css.map","0-da6787298425e6e4f53b.js.map","component---src-pages-index-js.9d09e16e168beafac11d.css","component---src-pages-index-js-76845b79913b4d7afe46.js","component---src-pages-index-js.9d09e16e168beafac11d.css.map","component---src-pages-index-js-76845b79913b4d7afe46.js.map"],"children":{},"childAssets":{}},"component---src-pages-profile-js":{"chunks":[1,4,0,6],"assets":["1.d288d122e02ff1e8efdf.css","1-b366396998677d6d1b4d.js","1.d288d122e02ff1e8efdf.css.map","1-b366396998677d6d1b4d.js.map","4-cbbc2dabf1379a9f0f21.js","4-cbbc2dabf1379a9f0f21.js.map","0.721183a76b6aa4ac04d1.css","0-da6787298425e6e4f53b.js","0.721183a76b6aa4ac04d1.css.map","0-da6787298425e6e4f53b.js.map","component---src-pages-profile-js.916d35daada131f8ca99.css","component---src-pages-profile-js-ac40f29c22dfcfe7a502.js","component---src-pages-profile-js.916d35daada131f8ca99.css.map","component---src-pages-profile-js-ac40f29c22dfcfe7a502.js.map"],"children":{},"childAssets":{}}},"assetsByChunkName":{"app":["webpack-runtime-9a6edc776466a1b3ceee.js","app-a46d26ea709fbde68a13.js"],"component---src-templates-index-js":["1.d288d122e02ff1e8efdf.css","1-b366396998677d6d1b4d.js","2-6ee9a1c185ba76d9e928.js","0.721183a76b6aa4ac04d1.css","0-da6787298425e6e4f53b.js","component---src-templates-index-js.76a93dca2ec5da328ff5.css","component---src-templates-index-js-226512149576802913de.js"],"component---src-pages-index-js":["1.d288d122e02ff1e8efdf.css","1-b366396998677d6d1b4d.js","2-6ee9a1c185ba76d9e928.js","0.721183a76b6aa4ac04d1.css","0-da6787298425e6e4f53b.js","component---src-pages-index-js.9d09e16e168beafac11d.css","component---src-pages-index-js-76845b79913b4d7afe46.js"],"component---src-pages-profile-js":["1.d288d122e02ff1e8efdf.css","1-b366396998677d6d1b4d.js","4-cbbc2dabf1379a9f0f21.js","0.721183a76b6aa4ac04d1.css","0-da6787298425e6e4f53b.js","component---src-pages-profile-js.916d35daada131f8ca99.css","component---src-pages-profile-js-ac40f29c22dfcfe7a502.js"]}}